<?xml version="1.0" encoding="UTF-8"?>
<GenRun Id="impl_1" LaunchPart="xc7a100tcsg324-1" LaunchTime="1561722255">
  <File Type="BITSTR-BMM" Name="PRPR_bd.bmm"/>
  <File Type="OPT-METHODOLOGY-DRC" Name="PRPR_methodology_drc_opted.rpt"/>
  <File Type="INIT-TIMING" Name="PRPR_timing_summary_init.rpt"/>
  <File Type="ROUTE-PWR" Name="PRPR_power_routed.rpt"/>
  <File Type="PA-TCL" Name="PRPR.tcl"/>
  <File Type="OPT-TIMING" Name="PRPR_timing_summary_opted.rpt"/>
  <File Type="OPT-DCP" Name="PRPR_opt.dcp"/>
  <File Type="ROUTE-PWR-SUM" Name="PRPR_power_summary_routed.pb"/>
  <File Type="REPORTS-TCL" Name="PRPR_reports.tcl"/>
  <File Type="OPT-DRC" Name="PRPR_drc_opted.rpt"/>
  <File Type="OPT-HWDEF" Name="PRPR.hwdef"/>
  <File Type="PWROPT-DCP" Name="PRPR_pwropt.dcp"/>
  <File Type="PWROPT-DRC" Name="PRPR_drc_pwropted.rpt"/>
  <File Type="PWROPT-TIMING" Name="PRPR_timing_summary_pwropted.rpt"/>
  <File Type="PLACE-DCP" Name="PRPR_placed.dcp"/>
  <File Type="PLACE-IO" Name="PRPR_io_placed.rpt"/>
  <File Type="PLACE-CLK" Name="PRPR_clock_utilization_placed.rpt"/>
  <File Type="PLACE-UTIL" Name="PRPR_utilization_placed.rpt"/>
  <File Type="PLACE-UTIL-PB" Name="PRPR_utilization_placed.pb"/>
  <File Type="PLACE-CTRL" Name="PRPR_control_sets_placed.rpt"/>
  <File Type="PLACE-SIMILARITY" Name="PRPR_incremental_reuse_placed.rpt"/>
  <File Type="PLACE-PRE-SIMILARITY" Name="PRPR_incremental_reuse_pre_placed.rpt"/>
  <File Type="BG-BGN" Name="PRPR.bgn"/>
  <File Type="PLACE-TIMING" Name="PRPR_timing_summary_placed.rpt"/>
  <File Type="POSTPLACE-PWROPT-DCP" Name="PRPR_postplace_pwropt.dcp"/>
  <File Type="BG-BIN" Name="PRPR.bin"/>
  <File Type="POSTPLACE-PWROPT-TIMING" Name="PRPR_timing_summary_postplace_pwropted.rpt"/>
  <File Type="PHYSOPT-DCP" Name="PRPR_physopt.dcp"/>
  <File Type="PHYSOPT-DRC" Name="PRPR_drc_physopted.rpt"/>
  <File Type="BITSTR-MSK" Name="PRPR.msk"/>
  <File Type="PHYSOPT-TIMING" Name="PRPR_timing_summary_physopted.rpt"/>
  <File Type="ROUTE-ERROR-DCP" Name="PRPR_routed_error.dcp"/>
  <File Type="ROUTE-DCP" Name="PRPR_routed.dcp"/>
  <File Type="ROUTE-BLACKBOX-DCP" Name="PRPR_routed_bb.dcp"/>
  <File Type="ROUTE-DRC" Name="PRPR_drc_routed.rpt"/>
  <File Type="ROUTE-DRC-PB" Name="PRPR_drc_routed.pb"/>
  <File Type="BITSTR-LTX" Name="debug_nets.ltx"/>
  <File Type="BITSTR-LTX" Name="PRPR.ltx"/>
  <File Type="ROUTE-DRC-RPX" Name="PRPR_drc_routed.rpx"/>
  <File Type="BITSTR-MMI" Name="PRPR.mmi"/>
  <File Type="ROUTE-METHODOLOGY-DRC" Name="PRPR_methodology_drc_routed.rpt"/>
  <File Type="ROUTE-METHODOLOGY-DRC-RPX" Name="PRPR_methodology_drc_routed.rpx"/>
  <File Type="BITSTR-SYSDEF" Name="PRPR.sysdef"/>
  <File Type="ROUTE-METHODOLOGY-DRC-PB" Name="PRPR_methodology_drc_routed.pb"/>
  <File Type="ROUTE-PWR-RPX" Name="PRPR_power_routed.rpx"/>
  <File Type="ROUTE-STATUS" Name="PRPR_route_status.rpt"/>
  <File Type="ROUTE-STATUS-PB" Name="PRPR_route_status.pb"/>
  <File Type="ROUTE-TIMINGSUMMARY" Name="PRPR_timing_summary_routed.rpt"/>
  <File Type="ROUTE-TIMING-PB" Name="PRPR_timing_summary_routed.pb"/>
  <File Type="ROUTE-TIMING-RPX" Name="PRPR_timing_summary_routed.rpx"/>
  <File Type="ROUTE-SIMILARITY" Name="PRPR_incremental_reuse_routed.rpt"/>
  <File Type="ROUTE-CLK" Name="PRPR_clock_utilization_routed.rpt"/>
  <File Type="ROUTE-BUS-SKEW" Name="PRPR_bus_skew_routed.rpt"/>
  <File Type="ROUTE-BUS-SKEW-PB" Name="PRPR_bus_skew_routed.pb"/>
  <File Type="ROUTE-BUS-SKEW-RPX" Name="PRPR_bus_skew_routed.rpx"/>
  <File Type="POSTROUTE-PHYSOPT-DCP" Name="PRPR_postroute_physopt.dcp"/>
  <File Type="POSTROUTE-PHYSOPT-BLACKBOX-DCP" Name="PRPR_postroute_physopt_bb.dcp"/>
  <File Type="POSTROUTE-PHYSOPT-TIMING" Name="PRPR_timing_summary_postroute_physopted.rpt"/>
  <File Type="POSTROUTE-PHYSOPT-TIMING-PB" Name="PRPR_timing_summary_postroute_physopted.pb"/>
  <File Type="POSTROUTE-PHYSOPT-TIMING-RPX" Name="PRPR_timing_summary_postroute_physopted.rpx"/>
  <File Type="POSTROUTE-PHYSOPT-BUS-SKEW" Name="PRPR_bus_skew_postroute_physopted.rpt"/>
  <File Type="POSTROUTE-PHYSOPT-BUS-SKEW-PB" Name="PRPR_bus_skew_postroute_physopted.pb"/>
  <File Type="BG-BIT" Name="PRPR.bit"/>
  <File Type="POSTROUTE-PHYSOPT-BUS-SKEW-RPX" Name="PRPR_bus_skew_postroute_physopted.rpx"/>
  <File Type="BITSTR-RBT" Name="PRPR.rbt"/>
  <File Type="BITSTR-NKY" Name="PRPR.nky"/>
  <File Type="BG-DRC" Name="PRPR.drc"/>
  <File Type="RDI-RDI" Name="PRPR.vdi"/>
  <File Type="WBT-USG" Name="usage_statistics_webtalk.html"/>
  <FileSet Name="sources" Type="DesignSrcs" RelSrcDir="$PSRCDIR/sources_1">
    <Filter Type="Srcs"/>
    <File Path="$PPRDIR/../New folder/fa.v">
      <FileInfo>
        <Attr Name="UsedIn" Val="synthesis"/>
        <Attr Name="UsedIn" Val="implementation"/>
        <Attr Name="UsedIn" Val="simulation"/>
      </FileInfo>
    </File>
    <File Path="$PPRDIR/../New folder/ra8.v">
      <FileInfo>
        <Attr Name="UsedIn" Val="synthesis"/>
        <Attr Name="UsedIn" Val="implementation"/>
        <Attr Name="UsedIn" Val="simulation"/>
      </FileInfo>
    </File>
    <File Path="$PPRDIR/../New folder/ra8e.v">
      <FileInfo>
        <Attr Name="UsedIn" Val="synthesis"/>
        <Attr Name="UsedIn" Val="implementation"/>
        <Attr Name="UsedIn" Val="simulation"/>
      </FileInfo>
    </File>
    <File Path="$PPRDIR/../New folder/PRPR.v">
      <FileInfo>
        <Attr Name="UsedIn" Val="synthesis"/>
        <Attr Name="UsedIn" Val="implementation"/>
        <Attr Name="UsedIn" Val="simulation"/>
      </FileInfo>
    </File>
    <File Path="$PPRDIR/../New folder/TRPR.v">
      <FileInfo>
        <Attr Name="AutoDisabled" Val="1"/>
        <Attr Name="UsedIn" Val="synthesis"/>
        <Attr Name="UsedIn" Val="implementation"/>
        <Attr Name="UsedIn" Val="simulation"/>
      </FileInfo>
    </File>
    <Config>
      <Option Name="DesignMode" Val="RTL"/>
      <Option Name="TopModule" Val="PRPR"/>
    </Config>
  </FileSet>
  <FileSet Name="constrs_in" Type="Constrs" RelSrcDir="$PSRCDIR/constrs_1">
    <Filter Type="Constrs"/>
    <Config>
      <Option Name="ConstrsType" Val="XDC"/>
    </Config>
  </FileSet>
  <FileSet Name="utils" Type="Utils" RelSrcDir="$PSRCDIR/utils_1">
    <Filter Type="Utils"/>
    <Config>
      <Option Name="TopAutoSet" Val="TRUE"/>
    </Config>
  </FileSet>
  <Strategy Version="1" Minor="2">
    <StratHandle Name="Vivado Implementation Defaults" Flow="Vivado Implementation 2018"/>
    <Step Id="init_design"/>
    <Step Id="opt_design"/>
    <Step Id="power_opt_design"/>
    <Step Id="place_design"/>
    <Step Id="post_place_power_opt_design"/>
    <Step Id="phys_opt_design"/>
    <Step Id="route_design"/>
    <Step Id="post_route_phys_opt_design"/>
    <Step Id="write_bitstream"/>
  </Strategy>
</GenRun>
